product_name,category
Birthday Door Covers,party supplies
Birthday Party Kit,party supplies
Birthday Signs,party supplies
Party Horns,party supplies
Table Skirt,party supplies
Birthday Candle Set,party supplies
Party Wall Decorations,party supplies
Glow Sticks,party supplies
LED Balloons,party supplies
Birthday Cake Candles,party supplies
Party Popcorn Boxes,party supplies
Disposable Cutlery Set,party supplies
Confetti Poppers,party supplies
Balloon Arch Kit,party supplies
Birthday Party Lights,party supplies
Birthday Crown,party supplies
Colorful Napkins,party supplies
Birthday Tiara,party supplies
Party Hats,party supplies
Invitation Cards,party supplies
Birthday Badges,party supplies
Party Favor Toys,party supplies
Party Cups,party supplies
Party Backdrop,party supplies
Birthday Cake Toppers,party supplies
Themed Plates,party supplies
Balloon Pump,party supplies
Birthday Confetti,party supplies
Number Balloons,party supplies
Happy Birthday Yard Signs,party supplies
Birthday Cards,party supplies
Birthday Chair Decorations,party supplies
Mini LED Lights,party supplies
Gift Bags,party supplies
Party Masks,party supplies
Pinata,party supplies
Table Centerpieces,party supplies
Birthday Candles,party supplies
Birthday Sashes,party supplies
Party Streamers,party supplies
Cake Sparklers,party supplies
Birthday Banners,party supplies
Party Tablecloth,party supplies
Calcium Tablets,health
Eye Drops,health
Antacid Tablets,health
Nasal Decongestant,health
Immune System Gummies,health
Muscle Pain Relief Spray,health
Pulse Oximeter,health
Skin Healing Ointment,health
Antifungal Cream,health
Cough Syrup,health
Probiotic Supplements,health
Antiseptic Wipes,health
Omega-3 Capsules,health
Pain Relief Patches,health
Digital Thermometer,health
Herbal Sleep Aid,health
Cold Compress Pack,health
Muscle Rub Cream,health
Blood Pressure Monitor,health
Sunscreen Lotion,health
Allergy Tablets,health
Allergy Relief Spray,health
Energy Boost Drink,health
Thermometer Strips,health
Women's Multivitamin,health
Lung Support Capsules,health
Knee Brace Support,health
Electrolyte Powder,health
Hand Sanitizer Spray,health
Men's Multivitamin,health
Multivitamin Capsules,health
Heating Pad,health
Blood Glucose Meter,health
First Aid Kit,health
Kid's Vitamin Gummies,health
Joint Support Capsules,health
Travel First Aid Kit,health
Bone Strength Capsules,health
Antibacterial Bandages,health
Vitamin D3 Supplements,health
Allergy Nasal Spray,health
Stomach Relief Tablets,health
Immunity Boost Tea,health
Pain Relief Gel,health
Digestive Enzymes,health
Compression Socks,health
Can Opener,supermarket
Baking Sheets,supermarket
Kitchen Timer,supermarket
Mortar and Pestle,supermarket
Grater,supermarket
Yogurt Maker,supermarket
Stainless Steel Tongs,supermarket
Coffee Grinder,supermarket
Soup Ladle,supermarket
Meat Tenderizer,supermarket
Kitchen Scale,supermarket
Rice Cooker,supermarket
Garlic Press,supermarket
Silicone Spatula Set,supermarket
Jar Opener,supermarket
Rolling Pin,supermarket
Pizza Cutter,supermarket
Sushi Rolling Kit,supermarket
Non-Stick Frying Pan,supermarket
Cutting Board,supermarket
Salad Spinner,supermarket
Chef's Knife,supermarket
Vegetable Peeler,supermarket
Electric Kettle,supermarket
Cookie Cutters Set,supermarket
Whisk Set,supermarket
Spice Rack,supermarket
Zester,supermarket
Colander,supermarket
Waffle Maker,supermarket
Measuring Cups Set,supermarket
Sandwich Maker,supermarket
Ice Cream Scoop,supermarket
Food Thermometer,supermarket
Butter Dish,supermarket
Apple Corer,supermarket
Pastry Brush,supermarket
Microwave Cover,supermarket
Mixing Bowls,supermarket
Bread Knife,supermarket
Kitchen Shears,supermarket
Pasta Strainer,supermarket
Egg Beater,supermarket
Oil Dispenser,supermarket
Garden Trowel,home decor
Plier Set,home decor
Hand Saw,home decor
Shovel,home decor
Drywall Sander,home decor
Utility Knife,home decor
Magnetic Wristband,home decor
Screwdriver Kit,home decor
Wire Cutter,home decor
Socket Wrench Set,home decor
Socket Organizer,home decor
Extension Ladder,home decor
Heavy Duty Hooks,home decor
Work Gloves,home decor
Door Stopper,home decor
Hose Reel,home decor
Stud Finder,home decor
Paintbrush Set,home decor
Drill Bit Set,home decor
Stud Sensor,home decor
Laser Level,home decor
Staple Gun,home decor
Flashlight,home decor
Crowbar,home decor
Hex Key Set,home decor
Level Tool,home decor
Duct Tape,home decor
C-Clamp,home decor
Wire Brush,home decor
Paint Roller Set,home decor
Putty Knife,home decor
Rubber Mallet,home decor
Adjustable Wrench,home decor
Chisel Set,home decor
Picture Hanging Kit,home decor
Nail Set,home decor
Toolbox Organizer,home decor
Corner Clamp,home decor
Workbench,home decor
Wall Anchors,home decor
Electric Chainsaw,electronics
Angle Grinder,electronics
Power Screwdriver Set,electronics
Electric Pole Saw,electronics
Electric Circular Saw,electronics
Bench Grinder,electronics
Work Light,electronics
Electric Hedge Trimmer,electronics
Electric Paint Sprayer,electronics
Laser Distance Measurer,electronics
Heat Gun,electronics
Stud and Joist Detector,electronics
Electric Concrete Mixer,electronics
Electric Lawn Mower,electronics
Electric Sander,electronics
Electric Impact Wrench,electronics
Electric Blower,electronics
Portable Generator,electronics
Electric Planer,electronics
Portable Air Compressor,electronics
Surge Protector,electronics
Cable Cutter,electronics
Extension Reel,electronics
Demolition Hammer,electronics
Tile Cutter,electronics
Cordless Drill,electronics
Drill Press,electronics
Power Extension Cord,electronics
Electric Screwdriver,electronics
Electric Stapler,electronics
Rotary Tool Kit,electronics
Hot Glue Gun,electronics
Power Inverter,electronics
Cordless Oscillating Tool,electronics
Electric Reciprocating Saw,electronics
Shop Vacuum,electronics
Conduit Bender,electronics
Wire Crimper,electronics
Multimeter,electronics
Electric Hand Planer,electronics
Electric Jigsaw,electronics
Battery Charger,electronics
Wire Strippers,electronics
Electric Pressure Washer,electronics
Soldering Iron Kit,electronics
Circuit Breaker Finder,electronics
Scrub Brush,cleaning
Feather Duster,cleaning
Cleaning Caddy,cleaning
Pet Hair Remover,cleaning
Reusable Cleaning Pads,cleaning
Air Freshener Spray,cleaning
Laundry Basket,cleaning
Spray Mop,cleaning
Floor Buffer Machine,cleaning
Microfiber Cleaning Cloths,cleaning
Glass Cleaning Cloths,cleaning
Grout Brush,cleaning
Broom and Dustpan,cleaning
Automatic Soap Dispenser,cleaning
Garbage Bags,cleaning
Floor Scraper,cleaning
Drain Cleaner Tool,cleaning
All-Purpose Cleaner Spray,cleaning
Furniture Polish Spray,cleaning
Dishwashing Gloves,cleaning
Multipurpose Cleaning Brush,cleaning
Electric Window Vacuum,cleaning
Floor Cleaning Pads,cleaning
Electric Carpet Cleaner,cleaning
Handheld Vacuum,cleaning
Mattress Vacuum,cleaning
Dustpan and Brush,cleaning
Duster with Extendable Handle,cleaning
Tile Scrubber,cleaning
Spin Mop Bucket,cleaning
Bathroom Cleaning Brush,cleaning
Wet Wipes Pack,cleaning
Gutter Cleaning Tool,cleaning
Vacuum Sealer,cleaning
Lint Roller,cleaning
Electric Air Duster,cleaning
Mop and Bucket Set,cleaning
Descaling Kit,cleaning
Shoe Cleaning Kit,cleaning
Squeegee,cleaning
Toilet Brush Set,cleaning
Window Cleaning Kit,cleaning
Kitchen Degreaser,cleaning
Toilet Seat Covers,hygiene
Ear Cleaner Tool,hygiene
Antifungal Powder,hygiene
Toothbrush Pack,hygiene
Nail Clippers,hygiene
Bath Sponge,hygiene
Toothpaste,hygiene
Aftershave Lotion,hygiene
Hair Trimmer,hygiene
Antibacterial Soap,hygiene
Shaving Cream,hygiene
Body Lotion,hygiene
Deodorant Stick,hygiene
Disposable Razors,hygiene
Nasal Spray,hygiene
Dental Floss,hygiene
Facial Cleanser,hygiene
Dental Picks,hygiene
Travel Toothbrush Set,hygiene
Facial Tissue Box,hygiene
Cotton Swabs,hygiene
Disposable Face Masks,hygiene
Body Powder,hygiene
Wet Wipes,hygiene
Body Wash,hygiene
Antiseptic Cream,hygiene
Hair Brush,hygiene
Hand Towels,hygiene
Beard Trimmer,hygiene
Baby Wipes,hygiene
Razor Blades,hygiene
Personal Hygiene Kit,hygiene
Toilet Paper Pack,hygiene
Shampoo,hygiene
Cotton Balls,hygiene
Shower Cap,hygiene
Hand Lotion,hygiene
Shampoo Dispenser,hygiene
Hand Sanitizer Gel,hygiene
Foot Powder,hygiene
Toothbrush Holder,hygiene
Lipstick Set,beauty
Flat Hair Straightener,beauty
Eyebrow Pencil,beauty
Hand Cream,beauty
Concealer Stick,beauty
Hair Dryer,beauty
Face Mask Sheets,beauty
Face Serum,beauty
Makeup Bag Organizer,beauty
Eyeshadow Palette,beauty
Makeup Brushes,beauty
Highlighter Stick,beauty
Makeup Remover Wipes,beauty
BB Cream,beauty
Facial Exfoliator,beauty
Tanning Lotion,beauty
Facial Moisturizer,beauty
Sunscreen SPF 50,beauty
Blush Palette,beauty
Eyeliner Pen,beauty
Lip Gloss Set,beauty
Beauty Sleep Mask,beauty
Makeup Organizer Box,beauty
Toner,beauty
Hair Mask,beauty
Hair Curling Iron,beauty
Scalp Massager,beauty
Anti-Aging Cream,beauty
Beauty Blender Sponge,beauty
Foundation Makeup,beauty
Fragrance Body Mist,beauty
Facial Steamer,beauty
Nail Polish Set,beauty
Cleansing Oil,beauty
Face Primer,beauty
Serum for Skin,beauty
Facial Roller,beauty
Setting Spray,beauty
Under Eye Cream,beauty
Eyelash Curler,beauty
Foot Scrub,beauty
Hair Serum,beauty
Lip Balm Stick,beauty
Beard Oil,beauty
Hair Volumizing Spray,beauty
Pore Minimizer,beauty
Scissors,office supplies
Document Scanner,office supplies
Paper Clips,office supplies
Monitor Stand,office supplies
Index Cards,office supplies
Desk Pad,office supplies
Correction Tape,office supplies
Art Supplies Kit,office supplies
Desk Fan,office supplies
Fountain Pen,office supplies
Stapler,office supplies
Whiteboard Markers,office supplies
Glue Stick,office supplies
Cable Management Box,office supplies
Desk Clock,office supplies
Desk Chair Cushion,office supplies
Ballpoint Pens,office supplies
Pen Holder,office supplies
Pencil Case,office supplies
Notebook Pack,office supplies
Whiteboard Eraser,office supplies
Phone Stand,office supplies
Wall Pinboard,office supplies
Magazine Holder,office supplies
Desk Organizer,office supplies
Desk Calendar,office supplies
Document Organizer,office supplies
USB Flash Drive,office supplies
Presentation Binder,office supplies
File Folders,office supplies
Mechanical Pencils,office supplies
Desk Partition,office supplies
Sticky Notes,office supplies
Bullet Journal,office supplies
Letter Opener,office supplies
Mouse Pad,office supplies
Binder Clips,office supplies
Printer Paper,office supplies
Clipboard,office supplies
Desk Tray Organizer,office supplies
Sketch Pad,office supplies
Desk Lamp,office supplies
Erasers Pack,office supplies
Envelopes Pack,office supplies
Picnic Tablecloth,outdoors
Hiking Socks,outdoors
Backpacking Tent,outdoors
Mosquito Net,outdoors
Camping Air Mattress,outdoors
Camping Lantern,outdoors
Outdoor Utensil Set,outdoors
Thermal Blanket,outdoors
Water Bottle,outdoors
Portable Cooler,outdoors
Trekking Poles,outdoors
Binoculars,outdoors
Headlamp,outdoors
Picnic Basket,outdoors
Pocket Knife,outdoors
Compass,outdoors
Camping Cookware Set,outdoors
First Aid Survival Kit,outdoors
Portable Water Filter,outdoors
Thermal Water Jug,outdoors
Portable Stove,outdoors
Emergency Sleeping Bag,outdoors
Campfire Grill Grate,outdoors
Portable Camp Sink,outdoors
Waterproof Jacket,outdoors
Portable Camping Toilet,outdoors
Campfire Starter Kit,outdoors
Picnic Blanket,outdoors
Sunscreen Spray,outdoors
Hammock,outdoors
Portable Hammock Stand,outdoors
Sleeping Bag,outdoors
Multi-tool Set,outdoors
Portable Picnic Table,outdoors
Portable Solar Charger,outdoors
Firewood Carrier,outdoors
Foldable Chairs,outdoors
Camping Tent,outdoors
Trail Snacks Pack,outdoors
Insect Repellent,outdoors
Travel Pillow,outdoors
Camping Table,outdoors
Printer paper,office supplies
Three-hole punched paper,office supplies
Graph paper,office supplies
Tracing paper,office supplies
Carbon paper,office supplies
Color card stock,office supplies
Heavy-duty card stock,office supplies
Sticky notes,office supplies
Index cards,office supplies
Notepads,office supplies
Legal pads,office supplies
Steno pads,office supplies
Composition notebooks,office supplies
Spiral-bound notebooks,office supplies
Planner refills,office supplies
Calendars (desk and wall),office supplies
Letterhead,office supplies
Poster board,office supplies
Business cards,office supplies
Greeting cards and envelopes,office supplies
Ballpoint pens,office supplies
Gel pens,office supplies
Fountain pens,office supplies
Mechanical pencils,office supplies
Wooden pencils,office supplies
Highlighters,office supplies
Permanent markers,office supplies
Dry-erase markers,office supplies
Wet-erase markers,office supplies
Colored pencils,office supplies
Erasers,office supplies
Pencil sharpeners,office supplies
Correction fluid,office supplies
Correction tape,office supplies
Staplers,office supplies
Staples,office supplies
Staple removers,office supplies
Paper clips,office supplies
Binder clips,office supplies
Rubber bands,office supplies
Push pins,office supplies
Thumbtacks,office supplies
Tape dispensers,office supplies
Adhesive tapes,office supplies
Scissors,office supplies
Letter openers,office supplies
Rulers,office supplies
Protractors,office supplies
Compasses,office supplies
T-squares,office supplies
Clipboards,office supplies
Magnifying glasses,office supplies
Desk organizers,office supplies
Drawer organizers,office supplies
Pen holders,office supplies
In/Out trays,office supplies
Magazine holders,office supplies
Bulletin boards,office supplies
Corkboards,office supplies
Whiteboards,office supplies
Bookmarks,office supplies
Sticky flags,office supplies
Hanging hooks,office supplies
File folders,office supplies
Hanging file folders,office supplies
File folder labels,office supplies
Expanding file folders,office supplies
Ring binders,office supplies
Binder dividers,office supplies
Sheet protectors,office supplies
Index tabs,office supplies
Accordion files,office supplies
Document wallets,office supplies
Business card holders,office supplies
Label makers,office supplies
Label sheets,office supplies
Tab dividers,office supplies
Report covers,office supplies
Presentation folders,office supplies
File cabinets,office supplies
Envelopes,office supplies
Mailing labels,office supplies
Shipping labels,office supplies
Postage stamps,office supplies
Bubble wrap,office supplies
Packing peanuts,office supplies
Shipping boxes,office supplies
Mailing tubes,office supplies
Packing tape,office supplies
Tape guns,office supplies
Address labels,office supplies
Return address labels,office supplies
Envelope sealers,office supplies
Desks,office supplies
Office chairs,office supplies
Filing cabinets,office supplies
Bookcases,office supplies
Conference tables,office supplies
Meeting chairs,office supplies
Reception desks,office supplies
Cubicle partitions,office supplies
Whiteboards,office supplies
Coat racks,office supplies
Wastebaskets,office supplies
Recycling bins,office supplies
Printer stands,office supplies
Monitor stands,office supplies
Footrests,office supplies
Keyboard trays,office supplies
Dictionaries,office supplies
Thesauruses,office supplies
Style guides,office supplies
Company handbooks,office supplies
Training manuals,office supplies
Industry-specific reference books,office supplies
Maps,office supplies
Planners,office supplies
Primer,beauty
Foundation,beauty
Concealer,beauty
BB Cream,beauty
CC Cream,beauty
Tinted Moisturizer,beauty
Setting Powder,beauty
Setting Spray,beauty
Blush,beauty
Bronzer,beauty
Highlighter,beauty
Contour Stick,beauty
Face Palette,beauty
Eye Primer,beauty
Eyeshadow Palette,beauty
Eyeliner,beauty
Mascara,beauty
Eyebrow Pencil,beauty
Eyebrow Gel,beauty
Eyebrow Powder,beauty
False Eyelashes,beauty
Eyelash Glue,beauty
Lipstick,beauty
Lip Gloss,beauty
Lip Liner,beauty
Lip Balm,beauty
Lip Stain,beauty
Lip Plumper,beauty
Lip Scrub,beauty
Lip Mask,beauty
Makeup Remover,beauty
Color Corrector,beauty
Face Paint,beauty
Body Glitter,beauty
Glitter Gel,beauty
Face Gems,beauty
Makeup Sponge,beauty
Makeup Brushes,beauty
Brush Cleaner,beauty
Facial Cleanser,beauty
Toner,beauty
Exfoliating Scrub,beauty
Facial Serum,beauty
Face Oil,beauty
Moisturizer,beauty
Night Cream,beauty
Eye Cream,beauty
Face Mask,beauty
Pore Strips,beauty
Acne Spot Treatment,beauty
Facial Mist,beauty
Sunscreen (face),beauty
Neck Cream,beauty
Décolletage Cream,beauty
Facial Roller,beauty
Gua Sha Tool,beauty
Micellar Water,beauty
Cleansing Oil,beauty
Cleansing Balm,beauty
Hydrating Gel,beauty
Retinol Cream,beauty
Vitamin C Serum,beauty
Hyaluronic Acid Serum,beauty
Niacinamide Serum,beauty
AHA/BHA Exfoliant,beauty
Face Steamer,beauty
Blackhead Extractor,beauty
Facial Wipes,beauty
Makeup Remover Pads,beauty
Eye Serum,beauty
Eye Mask,beauty
Eye Patch,beauty
Shampoo,beauty
Conditioner,beauty
Leave-in Conditioner,beauty
Hair Mask,beauty
Hair Oil,beauty
Hair Serum,beauty
Heat Protectant Spray,beauty
Hair Mousse,beauty
Hair Gel,beauty
Hair Wax,beauty
Hair Pomade,beauty
Hair Spray,beauty
Dry Shampoo,beauty
Hair Detangler,beauty
Scalp Scrub,beauty
Scalp Serum,beauty
Hair Growth Treatment,beauty
Hair Thickening Spray,beauty
Hair Volumizer,beauty
Hair Straightening Cream,beauty
Hair Curl Enhancer,beauty
Hair Color,beauty
Hair Bleach,beauty
Hair Toner,beauty
Root Touch-Up,beauty
Hair Gloss,beauty
Hair Shine Spray,beauty
Hair Texturizing Spray,beauty
Sea Salt Spray,beauty
Hair Fragrance,beauty
Eau de Parfum,beauty
Eau de Toilette,beauty
Eau de Cologne,beauty
Perfume Oil,beauty
Body Mist,beauty
Hair Perfume,beauty
Solid Perfume,beauty
Rollerball Perfume,beauty
Fragrance Sampler,beauty
Makeup Brushes,beauty
Makeup Sponges,beauty
Eyelash Curler,beauty
Tweezers,beauty
Nail Clippers,beauty
Nail File,beauty
Cuticle Pusher,beauty
Cuticle Nipper,beauty
Nail Buffer,beauty
Hair Brush,beauty
Comb,beauty
Hair Dryer,beauty
Hair Straightener,beauty
Curling Iron,beauty
Hot Rollers,beauty
Hair Clips,beauty
Hair Ties,beauty
Bobby Pins,beauty
Shower Cap,beauty
Headband,beauty
Facial Cleansing Brush,beauty
Facial Roller,beauty
Face Steamer,beauty
Pore Vacuum,beauty
Eyebrow Razor,beauty
Eyebrow Scissors,beauty
Eyebrow Brush,beauty
Eyebrow Comb,beauty
iPhone 15 Pro,electronics
iPhone 14,electronics
Samsung Galaxy S23,electronics
Samsung Galaxy Z Fold5,electronics
Google Pixel 8 Pro,electronics
Google Pixel 7a,electronics
OnePlus 11,electronics
Xiaomi 13 Pro,electronics
Motorola Edge 40,electronics
Sony Xperia 1 V,electronics
Asus ROG Phone 7,electronics
Nokia G60,electronics
Realme GT3,electronics
Oppo Find X6,electronics
Huawei P60 Pro,electronics
Vivo X90 Pro,electronics
Redmi Note 12 Pro,electronics
Honor Magic5 Pro,electronics
Infinix Zero Ultra,electronics
Tecno Phantom X2,electronics
Asus Zenfone 10,electronics
Black Shark 5 Pro,electronics
Fairphone 5,electronics
CAT S75,electronics
Samsung Galaxy A54,electronics
iPhone SE (3rd Gen),electronics
Samsung Galaxy S22 Ultra,electronics
Motorola Razr 40 Ultra,electronics
Nothing Phone (2),electronics
Google Pixel Fold,electronics
Samsung Galaxy M14,electronics
Realme Narzo 60,electronics
Poco F5 Pro,electronics
Xiaomi 13 Ultra,electronics
Asus ROG Phone 6D,electronics
Vivo V27 Pro,electronics
Oppo Reno10 Pro+,electronics
Honor 90,electronics
Motorola Edge 30 Neo,electronics
OnePlus Nord 3,electronics
iPhone 13 mini,electronics
Samsung Galaxy S21 FE,electronics
Google Pixel 6,electronics
Huawei Mate 50 Pro,electronics
Realme GT Neo 5,electronics
Sony Xperia 10 V,electronics
Redmi K60,electronics
Vivo Y100,electronics
Motorola Moto G73,electronics
Nokia X30,electronics
MacBook Air M2,electronics
MacBook Pro 16-inch 2023,electronics
Dell XPS 15,electronics
HP Spectre x360 14,electronics
Asus ROG Zephyrus G14,electronics
Lenovo ThinkPad X1 Carbon Gen 11,electronics
Acer Swift 5,electronics
Microsoft Surface Laptop 5,electronics
Razer Blade 16,electronics
MSI Stealth 15,electronics
LG Gram 17,electronics
Asus Zenbook S 13 OLED,electronics
Framework Laptop 13,electronics
Alienware x16,electronics
Samsung Galaxy Book3 Ultra,electronics
HP Envy 16,electronics
Lenovo Yoga 9i Gen 8,electronics
MSI Prestige 14 Evo,electronics
Acer Predator Helios 16,electronics
Gigabyte Aero 16 OLED Television,electronics
Dell Inspiron 14,electronics
MacBook Pro 14,electronics
Acer Aspire 5,electronics
Asus TUF Gaming F15,electronics
HP Pavilion 15,electronics
Surface Laptop Studio 2,electronics
Dell Latitude 9440,electronics
Asus Vivobook 15,electronics
MSI Katana GF76,electronics
Lenovo Legion Pro 7i,electronics
HP Dragonfly Pro,electronics
Microsoft Surface Pro 9,electronics
LG UltraPC 17,electronics
Acer Chromebook Spin 714,electronics
Lenovo Slim 7i,electronics
Samsung Galaxy Book3 Pro,electronics
HP Omen 17,electronics
Asus ROG Flow Z13,electronics
Dell G15 Gaming Laptop,electronics
Alienware M18,electronics
Razer Blade 14,electronics
Gigabyte G5 KF,electronics
MSI Vector GP77,electronics
Asus ROG Strix Scar 17,electronics
Framework Laptop 16,electronics
Dell XPS 13 Plus,electronics
MacBook Air 15-inch,electronics
Acer TravelMate P6,electronics
HP EliteBook 840,electronics
LG OLED C3 Television,electronics
Samsung Neo QLED QN90C Television,electronics
Sony Bravia XR A95K Television,electronics
TCL 6-Series R655,electronics
Hisense U8H,electronics
Samsung Q60B QLED Television,electronics
Sony X90K,electronics
LG QNED80,electronics
Vizio MQX Series,electronics
Toshiba C350 Fire TV Television,electronics
Philips 804 OLED Television,electronics
Panasonic LZ2000,electronics
Sharp Aquos XLED Television,electronics
Samsung S95B OLED Television,electronics
Sony A80K OLED Television,electronics
LG G2 OLED Television,electronics
Hisense U7H,electronics
TCL 5-Series,electronics
Samsung The Frame Television,electronics
LG NanoCell 90 Television,electronics
Sony Bravia X95L Television,electronics
Vizio V-Series,electronics
Philips PUS8507,electronics
Toshiba M550,electronics
TCL C835,electronics
Hisense A6H,electronics
Samsung Crystal UHD BU8000 Television,electronics
LG OLED B2 Television,electronics
Sony X80K,electronics
Vizio D-Series,electronics
Panasonic LX800,electronics
Sharp 4T-C70DL1X,electronics
Sony Bravia XR A80L Television,electronics
LG OLED M3 Television,electronics
Samsung Terrace Outdoor TV,electronics
LG OLED Flex Television,electronics
TCL 98C735,electronics
Hisense ULED X,electronics
Samsung Odyssey Ark,electronics
TCL XL Collection,electronics
Sony Bravia A90J Television,electronics
LG QNED99,electronics
Samsung Serif,electronics
Philips 9206,electronics
Panasonic JZ1500,electronics
Sharp EQ3 Series,electronics
Samsung S90C OLED Television,electronics
TCL C845,electronics
Sony Bravia XR Z9K Television,electronics
iRobot Roomba j7+ Robot Cleaner,electronics
Roborock S7 MaxV Ultra Robot Cleaner,electronics
Ecovacs Deebot X1 Omni Robot Cleaner,electronics
Shark AI Ultra Robot Cleaner,electronics
Dreametech L10s Ultra Robot Cleaner,electronics
iRobot Roomba Combo j7+ Robot Cleaner,electronics
Eufy RoboVac X8 Hybrid Robot Cleaner,electronics
Neato D9 Robot Cleaner,electronics
Ultenic D10,electronics
iLife A11 Robot Cleaner,electronics
iRobot Braava Jet M6,electronics
Roborock Q7 Max+ Robot Cleaner,electronics
Ecovacs Deebot T10 Omni Robot Cleaner,electronics
Shark IQ Robot XL Robot Cleaner,electronics
Dreametech D9 Max Robot Cleaner,electronics
Eufy RoboVac G30 Hybrid Robot Cleaner,electronics
Neabot Q11 Robot Cleaner,electronics
Yeedi Vac Station Robot Cleaner,electronics
iLife V5s Pro Robot Cleaner,electronics
iRobot Roomba i7+ Robot Cleaner,electronics
Roborock S6 Pure Robot Cleaner,electronics
Ecovacs Deebot OZMO 950 Robot Cleaner,electronics
Shark AV1010AE Robot Cleaner,electronics
Dreametech L10 Pro Robot Cleaner,electronics
Eufy RoboVac 11S Robot Cleaner,electronics
Neato Botvac D8 Robot Cleaner,electronics
Ultenic T10,electronics
iLife V8s Robot Cleaner,electronics
iRobot Roomba 694 Robot Cleaner,electronics
Roborock S5 Max Robot Cleaner,electronics
Apple Watch Series 9,electronics
Samsung Galaxy Watch 6,electronics
Garmin Fenix 7X,electronics
Fitbit Sense 2,electronics
Amazfit GTR 4,electronics
Google Pixel Watch,electronics
Suunto 9 Peak Pro,electronics
Coros Pace 2,electronics
Polar Grit X Pro,electronics
Withings ScanWatch,electronics
TicWatch Pro 5,electronics
Fossil Gen 6,electronics
Mobvoi TicWatch E3,electronics
Huawei Watch GT 3,electronics
Garmin Forerunner 965,electronics
Apple Watch Ultra,electronics
Samsung Galaxy Watch 5 Pro,electronics
Fitbit Versa 4,electronics
Garmin Venu 2 Plus,electronics
Xiaomi Mi Watch,electronics
Fossil Hybrid HR,electronics
Amazfit T-Rex Pro,electronics
Polar Ignite 3,electronics
Mobvoi TicWatch Pro 3,electronics
Garmin Enduro 2,electronics
Apple Watch SE 2,electronics
Garmin Lily,electronics
Suunto Vertical,electronics
Withings Move ECG,electronics
Casio G-Shock Move GBD-H2000,electronics
Sony WH-1000XM5 Headphones,electronics
Bose QuietComfort 45 Headphones,electronics
Apple AirPods Pro 2 Headphones,electronics
Samsung Galaxy Buds 2 Pro,electronics
Jabra Elite 7 Pro Headphones,electronics
Sennheiser Momentum 4 Headphones,electronics
Beats Fit Pro Headphones,electronics
Anker Soundcore Liberty 3 Pro Headphones,electronics
Sony LinkBuds S Headphones,electronics
Bose 700 Headphones,electronics
Marshall Monitor II ANC Headphones,electronics
JBL Live Pro+ TWS Headphones,electronics
Bowers & Wilkins PX7 S2 Headphones,electronics
Sony WF-1000XM4,electronics
Shure AONIC 50 Headphones,electronics
Apple AirPods Max Headphones,electronics
Anker Soundcore Life Q35 Headphones,electronics
Beats Studio Buds+ Headphones,electronics
JLab JBuds Air Headphones,electronics
JBL Tune 760NC Headphones,electronics
Sony SRS-XB43 Bluetooth Speaker,electronics
Bose SoundLink Flex Speaker,electronics
JBL Charge 5 Headphones,electronics
UE Boom 3 Speaker,electronics
Sonos Roam Speaker,electronics
Anker Soundcore Motion+ Headphones,electronics
Marshall Emberton Headphones,electronics
Sony XB13 Speaker,electronics
Bose Portable Smart Speaker,electronics
JBL Flip 6 Headphones,electronics
Ultimate Ears Megaboom 3 Speaker,electronics
Tribit StormBox Micro 2 Speaker,electronics
Sony HT-A9 Home Theater System Speaker,electronics
Sonos Arc Speaker,electronics
Samsung HW-Q990C Soundbar Speaker,electronics
Vizio Elevate Soundbar Speaker,electronics
LG SP9YA Soundbar Speaker,electronics
Polk Audio React,electronics
Yamaha YAS-209,electronics
PlayStation 5,electronics
Xbox Series X,electronics
Nintendo Switch OLED Television,electronics
Steam Deck,electronics
Asus ROG Ally,electronics
PlayStation VR2,electronics
Meta Quest 3,electronics
Nintendo Switch Lite,electronics
Xbox Series S,electronics
Logitech G Cloud,electronics
Valve Index VR Kit,electronics
Oculus Quest 2,electronics
Sony DualSense Controller,electronics
Xbox Elite Controller Series 2,electronics
Razer Kishi V2,electronics
8BitDo Pro 2 Controller,electronics
HORI Split Pad Pro,electronics
PDP Afterglow Controller,electronics
PowerA Enhanced Controller,electronics
Nintendo Switch Pro Controller,electronics
Elgato Stream Deck MK.2,electronics
Razer Wolverine V2,electronics
SCUF Reflex Pro Controller,electronics
Turtle Beach Stealth 600 Gen 2,electronics
SteelSeries Arctis Nova Pro Speaker,electronics
Astro A50 Wireless Headset,electronics
HyperX Cloud II Wireless,electronics
Logitech G Pro X Headset,electronics
Corsair HS80 RGB Wireless,electronics
EPOS H3 Hybrid,electronics
Canon EOS R6 Mark II Camera,electronics
Sony Alpha a7 IV Camera,electronics
Nikon Z6 II Camera,electronics
Fujifilm X-T5 Camera,electronics
Panasonic Lumix GH6 Camera,electronics
Olympus OM-1,electronics
Leica Q2 Camera,electronics
Sony ZV-E10,electronics
Canon EOS RP Camera,electronics
Nikon Z7 II Camera,electronics
Sony FX30,electronics
Panasonic S5 II,electronics
Fujifilm X-H2S Camera,electronics
Blackmagic Pocket Cinema Camera 6K Pro Camera,electronics
DJI Pocket 2,electronics
GoPro Hero11 Black Camera,electronics
Insta360 One RS Camera,electronics
DJI Action 2 Drone,electronics
Canon EOS M50 Mark II Camera,electronics
Sony Alpha 6400 Camera,electronics
Nikon D850 Camera,electronics
Canon EOS 90D Camera,electronics
Fujifilm X-S10 Camera,electronics
Panasonic G9,electronics
Ricoh GR IIIx Camera,electronics
Sony Cyber-shot RX100 VII,electronics
Leica M11 Camera,electronics
Canon PowerShot G7 X Mark III Camera,electronics
GoPro Max Camera,electronics
DJI Mini 3 Pro Drone Camera Drone,electronics
DJI Mini 3 Pro Drone,electronics
DJI Air 2S Drone,electronics
DJI Mavic 3 Classic Drone,electronics
Autel Evo Lite+ Drone,electronics
Skydio 2+ Drone,electronics
DJI Avata FPV Drone Drone,electronics
Parrot Anafi USA Drone,electronics
Autel Evo Nano+ Television,electronics
DJI Mini SE Drone,electronics
DJI FPV Drone Drone,electronics
Ryze Tello Drone,electronics
Holy Stone HS720E Drone,electronics
DJI Phantom 4 Pro V2.0 Drone,electronics
Yuneec Typhoon H Plus Drone,electronics
Autel Dragonfish Drone,electronics
PowerVision PowerEgg X Drone,electronics
DJI Inspire 2 Drone,electronics
Parrot Bebop 2 Drone,electronics
Hubsan Zino Mini Pro Drone,electronics
Walkera Vitus Drone,electronics
DJI Matrice 300 RTK Drone,electronics
Autel Robotics EVO II Drone,electronics
DJI Agras T30 Drone,electronics
Skydio X2 Drone,electronics
Parrot Disco FPV Drone,electronics
Holy Stone HS510 Drone,electronics
EXO Cinemaster 2,electronics
Potensic Dreamer Pro Drone,electronics
Ruko F11 GIM2,electronics
Snaptain SP7100 Drone,electronics
Amazon Echo Show 15 Smart Home Device,electronics
Google Nest Hub Max Smart Home Device,electronics
Apple HomePod 2nd Gen Smart Home Device,electronics
Ring Video Doorbell Pro 2 Smart Home Device,electronics
Arlo Pro 5S 2K Smart Home Device,electronics
Eufy Security SoloCam S40 Robot Cleaner,electronics
Philips Hue White and Color Ambiance Smart Home Device,electronics
Nanoleaf Shapes Television,electronics
TP-Link Kasa Smart Plug Smart Home Device,electronics
Amazon Smart Thermostat Smart Home Device,electronics
Nest Learning Thermostat Smart Home Device,electronics
Ecobee SmartThermostat Smart Home Device,electronics
August Wi-Fi Smart Lock Smart Home Device,electronics
Yale Assure Lock SL,electronics
Wyze Cam v3 Smart Home Device,electronics
Ring Spotlight Cam Pro Smart Home Device,electronics
Blink Outdoor Camera Smart Home Device,electronics
Eufy Video Doorbell Dual Robot Cleaner,electronics
Arlo Essential Wireless Doorbell Smart Home Device,electronics
SimpliSafe Home Security System Smart Home Device,electronics
Abode Smart Security Kit Smart Home Device,electronics
Govee Smart LED Strip Lights Smart Home Device,electronics
Leviton Decora Smart Switch,electronics
Lutron Caseta Wireless Dimmer Smart Home Device,electronics
LG ThinQ Air Conditioner Smart Home Device,electronics
Samsung Family Hub Refrigerator,electronics
iRobot Braava Jet m6,electronics
Shark IQ Robot Vacuum AV1010AE Robot Cleaner,electronics
Roborock S8 Pro Ultra Robot Cleaner,electronics
Govee Wi-Fi Water Sensor Alarm Smart Home Device,electronics
Coleman Sundome Camping Tent,outdoors
MSR Hubba Hubba Backpacking Tent,outdoors
Big Agnes Copper Spur Tent,outdoors
REI Co-op Trail Hut Tent,outdoors
ALPS Mountaineering Lynx Tent,outdoors
Gazelle T4 Pop-Up Tent,outdoors
Kelty Late Start Tent,outdoors
Quechua 2 Seconds Easy Tent,outdoors
NEMO Disco Sleeping Bag,outdoors
Marmot Trestles Elite Eco Sleeping Bag,outdoors
REI Co-op Siesta Hooded Sleeping Bag,outdoors
Therm-a-Rest NeoAir XLite Sleeping Pad,outdoors
Klymit Static V Sleeping Pad,outdoors
Osprey Atmos AG 65 Backpack,outdoors
Deuter Aircontact Lite Backpack,outdoors
Gregory Baltoro 75 Backpack,outdoors
Kelty Redwing 50 Backpack,outdoors
Granite Gear Crown 3 Backpack,outdoors
REI Co-op Flash 55 Backpack,outdoors
Black Diamond Trail Trekking Poles,outdoors
Leki Makalu Trekking Poles,outdoors
Komperdell Carbon Trekking Poles,outdoors
Garmin inReach Mini 2 GPS Device,outdoors
Suunto 9 Peak GPS Watch,outdoors
Garmin Fenix 7 GPS Watch,outdoors
Jetboil Flash Camping Stove,outdoors
MSR PocketRocket 2 Stove,outdoors
GSI Outdoors Pinnacle Camper Cookset,outdoors
Stanley Adventure Camp Cook Set,outdoors
Coleman Classic Propane Stove,outdoors
Primus Firestick Stove,outdoors
Yeti Rambler Tumbler,outdoors
Hydro Flask Insulated Bottle,outdoors
Nalgene Wide Mouth Water Bottle,outdoors
Helinox Chair Zero Camping Chair,outdoors
REI Co-op Flexlite Camp Chair,outdoors
GCI Outdoor Freestyle Rocker,outdoors
Trekology YIZI GO Camping Chair,outdoors
Coleman Portable Camping Quad Chair,outdoors
Yeti Tundra 45 Cooler,outdoors
Coleman Xtreme 5 Cooler,outdoors
RTIC 45 QT Hard Cooler,outdoors
Igloo MaxCold Cooler,outdoors
Pelican Elite Cooler,outdoors
Scuddles Extra Large Picnic Blanket,outdoors
ONIVA Picnic Time Portable Folding Picnic Table,outdoors
Sunflora Picnic Backpack Set,outdoors
Apollo Walker Picnic Backpack Set,outdoors
HappyPicnic Insulated Picnic Basket,outdoors
California Picnic Bamboo Picnic Basket,outdoors
Black Diamond Spot 400 Headlamp,outdoors
Petzl Actik Core Headlamp,outdoors
Fenix HM50R V2.0 Headlamp,outdoors
BioLite AlpenGlow 500 Lantern,outdoors
Goal Zero Lighthouse 600 Lantern,outdoors
Leatherman Wave+ Multitool,outdoors
Gerber Suspension-NXT Multitool,outdoors
Swiss Army Classic SD Pocket Knife,outdoors
LifeStraw Personal Water Filter,outdoors
Sawyer Mini Water Filtration System,outdoors
Merrell Moab 3 Hiking Boots,outdoors
Salomon X Ultra 4 GTX Hiking Shoes,outdoors
Columbia Silver Ridge Lite Shirt,outdoors
Patagonia Torrentshell 3L Rain Jacket,outdoors
Arc'teryx Beta AR Jacket,outdoors
DJI Mini 2 Drone,outdoors
GoPro HERO11 Black Camera,outdoors
Osprey Ultralight Raincover,outdoors
Therm-a-Rest Compressible Pillow,outdoors
Adventure Medical Kits Mountain Series,outdoors
Garmin eTrex 32x Handheld GPS,outdoors
Buff Original Multifunctional Headwear,outdoors
Smartwool Hiking Socks,outdoors
Darn Tough Merino Wool Hiking Socks,outdoors
Picnic Basket,outdoors
Insulated Picnic Bag,outdoors
Foldable Picnic Blanket,outdoors
Portable Picnic Table,outdoors
Set of Reusable Cutlery,outdoors
Portable Charcoal Grill,outdoors
Camping Cooking Set,outdoors
Cooler Bag,outdoors
Waterproof Picnic Mat,outdoors
Thermal Food Container,outdoors
Lightweight Backpack,outdoors
Hiking Boots,outdoors
Trekking Poles,outdoors
Insulated Water Bottle,outdoors
Portable Water Filter,outdoors
Windproof Hiking Jacket,outdoors
Hiking Pants,outdoors
Thermal Base Layer Shirt,outdoors
Camping Hammock,outdoors
Compact Sleeping Pad,outdoors
Portable Solar Charger,outdoors
First Aid Kit for Hiking,outdoors
Emergency Whistle,outdoors
Handheld GPS Navigator,outdoors
High-Visibility Rain Poncho,outdoors
Lightweight Tent,outdoors
Sleeping Bag,outdoors
Self-Inflating Sleeping Mat,outdoors
Portable Camping Pillow,outdoors
Bivy Sack,outdoors
Ground Tarp for Tent,outdoors
Bug Net for Hammock,outdoors
Portable Stove,outdoors
Compact Gas Canister,outdoors
Camping Mug,outdoors
Lightweight Frying Pan,outdoors
Camping Kettle,outdoors
Foldable Utensil Set,outdoors
Biodegradable Soap,outdoors
LED Camping Lantern,outdoors
Rechargeable Headlamp,outdoors
Multi-tool Knife,outdoors
Bear Spray,outdoors
Firestarter Kit,outdoors
Reflective Hiking Vest,outdoors
Inflatable Camping Chair,outdoors
Portable Rocking Chair,outdoors
Shade Canopy Tent,outdoors
Windbreaker Blanket,outdoors
Camping Footprint Mat,outdoors
Compression Dry Bag,outdoors
Ultralight Backpack Rain Cover,outdoors
Camping Rope,outdoors
Hiking Gaiters,outdoors
Sun Hat for Hiking,outdoors
Hiking Gloves,outdoors
Trail Snacks Pack,outdoors
Portable Camp Shower,outdoors
Travel Towel,outdoors
Eco-friendly Trash Bags,outdoors
Portable Folding Stool,outdoors
Thermal Blanket,outdoors
Shampoo,hygiene
Conditioner,hygiene
Body Wash,hygiene
Bar Soap,hygiene
Shower Gel,hygiene
Exfoliating Scrub,hygiene
Face Wash,hygiene
Hand Soap,hygiene
Foot Scrub,hygiene
Bath Sponge,hygiene
Loofah,hygiene
Shower Cap,hygiene
Moisturizing Body Wash,hygiene
Aloe Vera Gel,hygiene
Epsom Bath Salts,hygiene
Foot Soak,hygiene
Toothbrush,hygiene
Electric Toothbrush,hygiene
Toothpaste,hygiene
Whitening Toothpaste,hygiene
Dental Floss,hygiene
Mouthwash,hygiene
Tongue Scraper,hygiene
Teeth Whitening Strips,hygiene
Toothpick Kit,hygiene
Travel Toothbrush Case,hygiene
Disposable Razors,hygiene
Electric Shaver,hygiene
Beard Trimmer,hygiene
Body Groomer,hygiene
Epilator,hygiene
Shaving Cream,hygiene
Aftershave Balm,hygiene
Wax Strips,hygiene
Hair Removal Cream,hygiene
Tweezers,hygiene
Face Moisturizer,hygiene
Body Lotion,hygiene
Sunscreen Lotion,hygiene
Sunscreen Stick,hygiene
Facial Serum,hygiene
Toner,hygiene
Face Masks,hygiene
Eye Cream,hygiene
Lip Balm,hygiene
Hand Cream,hygiene
Foot Cream,hygiene
Sanitary Pads,hygiene
Organic Cotton Pads,hygiene
Tampons,hygiene
Menstrual Cup,hygiene
Feminine Wash,hygiene
Panty Liners,hygiene
Period Underwear,hygiene
Intimate Wipes,hygiene
Men's Deodorant,hygiene
Antiperspirant,hygiene
Beard Oil,hygiene
Beard Balm,hygiene
Aftershave Lotion,hygiene
Deodorant,hygiene
Body Spray,hygiene
Antibacterial Hand Gel,hygiene
Hand Sanitizer,hygiene
Wet Wipes,hygiene
Body Powder,hygiene
Nail Clippers,hygiene
Nail File,hygiene
Cuticle Scissors,hygiene
Cuticle Pusher,hygiene
Nose Hair Trimmer,hygiene
Cotton Swabs,hygiene
Cotton Balls,hygiene
Facial Tissue,hygiene
Makeup Remover Wipes,hygiene
Baby Wipes,hygiene
Baby Shampoo,hygiene
Baby Lotion,hygiene
Baby Oil,hygiene
Baby Powder,hygiene
Diaper Rash Cream,hygiene
Infant Nail Clippers,hygiene
Baby Bath Tub,hygiene
Baby Body Wash,hygiene
Adult Diapers,hygiene
Bedside Commode Liners,hygiene
No-Rinse Bathing Wipes,hygiene
Barrier Cream,hygiene
Bed Protector Pads,hygiene
Adult Wipes,hygiene
Personal Hygiene Kit,hygiene
Men's Travel Hygiene Set,hygiene
Women's Travel Hygiene Set,hygiene
First Aid and Hygiene Kit,hygiene
Compact Hygiene Travel Kit,hygiene
Soap Dish,hygiene
Toothbrush Holder,hygiene
Shower Organizer,hygiene
Portable Soap Sheets,hygiene
Hand Sanitizer Dispenser,hygiene
Wall-Mounted Soap Dispenser,hygiene
Toilet Seat Sanitizer Spray,hygiene
Bathroom Cleaning Wipes,hygiene
Air Freshener Spray,hygiene
Disinfectant Spray,hygiene
Bathroom Cleaner,hygiene
Hand Drying Paper Towels,hygiene
Bathroom Air Purifier,hygiene
Travel Size Shampoo,hygiene
Travel Size Toothpaste,hygiene
Compact Hairbrush,hygiene
Disposable Toothbrush,hygiene
Mini Deodorant,hygiene
Travel Mouthwash,hygiene
Athlete's Foot Cream,hygiene
Anti-Chafing Balm,hygiene
Eczema Relief Cream,hygiene
Psoriasis Care Lotion,hygiene
Hand Sanitizing Wipes,hygiene
Shoe Deodorizer Spray,hygiene
Underarm Sweat Pads,hygiene
Multivitamin Supplement,health
Vitamin C Tablets,health
Vitamin D Capsules,health
Calcium Supplement,health
Magnesium Tablets,health
Iron Supplement,health
Zinc Supplement,health
Omega-3 Fish Oil Capsules,health
Probiotic Capsules,health
Fiber Supplement Powder,health
Collagen Peptides,health
Protein Powder,health
Melatonin Sleep Aid,health
Turmeric Curcumin Capsules,health
CoQ10 Supplement,health
Elderberry Gummies,health
Ashwagandha Capsules,health
Green Tea Extract Pills,health
Vitamin B12 Supplement,health
Biotin Hair Supplement,health
Prenatal Vitamins,health
Postnatal Vitamins,health
Memory Support Supplement,health
Joint Support Supplement,health
Lutein Eye Health Supplement,health
Creatine Monohydrate Powder,health
Milk Thistle Liver Support,health
Garlic Extract Capsules,health
Selenium Supplement,health
Digestive Enzyme Capsules,health
Acetaminophen Tablets,health
Ibuprofen Gel Capsules,health
Naproxen Sodium Tablets,health
Aspirin Low-Dose,health
Children's Pain Reliever Liquid,health
Topical Pain Relief Cream,health
Lidocaine Pain Relief Patch,health
Adhesive Bandages,health
Gauze Rolls,health
Gauze Pads,health
Sterile Dressing,health
Medical Tape,health
Elastic Bandage Wrap,health
Antibiotic Ointment,health
Hydrogen Peroxide Solution,health
Antiseptic Wipes,health
Alcohol Swabs,health
Burn Relief Gel,health
Butterfly Closures,health
Cold Compress Pack,health
Finger Splint,health
Emergency Foil Blanket,health
Eye Wash Solution,health
CPR Mask,health
First Aid Kit Complete,health
Tourniquet,health
Cotton Balls,health
Hand Sanitizer Gel,health
Antacid Chewable Tablets,health
Probiotic Yogurt Cultures,health
Fiber Gummies,health
Laxative Pills,health
Anti-Diarrheal Caplets,health
Gas Relief Tablets,health
Heartburn Relief Liquid,health
Loratadine Allergy Tablets,health
Cetirizine HCl Tablets,health
Diphenhydramine Capsules,health
Fluticasone Nasal Spray,health
Epinephrine Auto-Injector,health
Allergy Eye Drops,health
Cough Suppressant Syrup,health
Expectorant Tablets,health
Chest Rub Ointment,health
Menthol Inhaler,health
Steam Inhaler Device,health
Decongestant Nasal Spray,health
Hydrocortisone Anti-Itch Cream,health
Calamine Lotion,health
Antifungal Cream,health
Aloe Vera Gel,health
Wart Remover,health
Athlete’s Foot Spray,health
Sunburn Relief Spray,health
Lubricating Eye Drops,health
Allergy Eye Drops,health
Antibacterial Eye Drops,health
Ear Wax Removal Kit,health
Swimmer’s Ear Drops,health
Antifungal Ear Drops,health
Cranberry Urinary Health Capsules,health
Menstrual Pain Relief Tablets,health
Yeast Infection Treatment Cream,health
Hormone Balance Supplement,health
Vaginal Health Probiotic,health
Prostate Health Supplement,health
Testosterone Booster Capsules,health
Hair Regrowth Treatment for Men,health
Children’s Multivitamin Gummies,health
Children's Cough Syrup,health
Pediatric Electrolyte Solution,health
Children's Probiotic Powder,health
Children's Tooth Pain Relief Gel,health
Joint Flexibility Supplement,health
Bone Density Support Capsules,health
Cognitive Health Capsules,health
Fall Detection Monitor Device,health
Walking Aid Cane,health
Digital Thermometer,health
Infrared Forehead Thermometer,health
Blood Pressure Monitor,health
Blood Glucose Monitoring Kit,health
Pulse Oximeter Fingertip,health
Nebulizer Machine,health
Hearing Aid Batteries,health
Insulin Pen Needles,health
Compression Socks,health
Face Masks Disposable,health
Reusable Cloth Face Mask,health
Latex Gloves,health
Nitrile Examination Gloves,health
Isopropyl Alcohol Solution,health
Disinfecting Wipes,health
Handheld UV Sanitizer Light,health
Insect Bite Relief Stick,health
Mosquito Repellent Spray,health
Travel Size First Aid Kit,health
Hammer,home decor
Screwdriver Set,home decor
Adjustable Wrench,home decor
Allen Key Set,home decor
Tape Measure,home decor
Utility Knife,home decor
Handsaw,home decor
Chisel Set,home decor
Level Tool,home decor
Combination Square,home decor
Pliers Set,home decor
Locking Pliers,home decor
Needle Nose Pliers,home decor
Wire Cutters,home decor
Putty Knife,home decor
Cordless Drill,home decor
Electric Screwdriver,home decor
Circular Saw,home decor
Jigsaw,home decor
Reciprocating Saw,home decor
Impact Driver,home decor
Angle Grinder,home decor
Orbital Sander,home decor
Rotary Tool Kit,home decor
Heat Gun,home decor
Electric Paint Sprayer,home decor
Nail Gun,home decor
Power Washer,home decor
Electric Stud Finder,home decor
Toolbox,home decor
Rolling Tool Chest,home decor
Wall Mounted Tool Organizer,home decor
Pegboard Set,home decor
Magnetic Tool Holder Strip,home decor
Tool Belt,home decor
Portable Tool Bag,home decor
Assorted Screws Set,home decor
Wall Anchors,home decor
Nails Assortment Kit,home decor
Drywall Screws,home decor
Picture Hanging Kit,home decor
Wood Glue,home decor
Super Glue,home decor
Duct Tape,home decor
Electrical Tape,home decor
Masking Tape,home decor
Double Sided Tape,home decor
Spackle,home decor
Caulking Gun,home decor
Silicone Sealant,home decor
Epoxy Resin Kit,home decor
Plumber's Tape,home decor
Replacement Door Hinges,home decor
Furniture Felt Pads,home decor
Wall Repair Patch Kit,home decor
Voltage Tester,home decor
Wire Stripper,home decor
Extension Cord,home decor
Surge Protector,home decor
Electrical Outlet Tester,home decor
Battery Tester,home decor
Work Light LED,home decor
Plunger,home decor
Pipe Wrench,home decor
Drain Snake,home decor
Basin Wrench,home decor
Pipe Cutter,home decor
Plumbing Repair Kit,home decor
Toilet Auger,home decor
Garden Trowel,home decor
Pruning Shears,home decor
Garden Hose,home decor
Watering Can,home decor
Hand Cultivator,home decor
Weeder Tool,home decor
Leaf Rake,home decor
Garden Gloves,home decor
Heavy Duty Broom,home decor
Dustpan and Brush Set,home decor
Mop and Bucket,home decor
Microfiber Cleaning Cloths,home decor
Window Squeegee,home decor
Vacuum Cleaner,home decor
Steam Mop,home decor
Lint Roller,home decor
Safety Glasses,home decor
Work Gloves,home decor
Ear Protection Muffs,home decor
Dust Mask,home decor
Knee Pads,home decor
High Visibility Vest,home decor
Fire Extinguisher Home Use,home decor
Measuring Wheel,home decor
Ladder,home decor
Step Stool,home decor
Folding Workbench,home decor
Hand Truck Dolly,home decor
Stud Sensor,home decor
Door Draft Stopper,home decor
Weather Stripping Seal Kit,home decor
Garage Storage Hooks,home decor
Shelf Bracket Set,home decor
Happy Birthday Banner,party supplies
Foil Balloons,party supplies
Latex Balloons,party supplies
Balloon Arch Kit,party supplies
Birthday Streamers,party supplies
Hanging Swirl Decorations,party supplies
Paper Lanterns,party supplies
Party Backdrop,party supplies
Confetti,party supplies
Centerpiece Decorations,party supplies
Birthday Yard Sign,party supplies
Wall Hanging Banners,party supplies
Photo Booth Props,party supplies
Party Garland,party supplies
Themed Party Decor Sets,party supplies
Disposable Party Plates,party supplies
Party Napkins,party supplies
Plastic Party Cups,party supplies
Paper Straws,party supplies
Themed Tablecloth,party supplies
Cutlery Set for Parties,party supplies
Party Serving Trays,party supplies
Drink Dispensers,party supplies
Cake Stands,party supplies
Cupcake Wrappers,party supplies
Birthday Cake Toppers,party supplies
Party Favor Bags,party supplies
Mini Bubble Bottles,party supplies
Sticker Sheets,party supplies
Temporary Tattoos,party supplies
Mini Coloring Books,party supplies
Puzzle Games,party supplies
Slap Bracelets,party supplies
Miniature Toys,party supplies
Keychains,party supplies
Glow Sticks,party supplies
Mini Water Guns,party supplies
Toy Rings,party supplies
Whistles,party supplies
Party Crowns,party supplies
Foam Airplanes,party supplies
Yoyo Toys,party supplies
Birthday Piñata,party supplies
Pin the Tail on the Donkey Game,party supplies
Musical Chairs Game Set,party supplies
Pass the Parcel Kit,party supplies
Birthday Trivia Cards,party supplies
Bingo Party Game,party supplies
Scavenger Hunt Kits,party supplies
DIY Craft Party Kits,party supplies
Face Painting Kit,party supplies
Ball Toss Game,party supplies
Ring Toss Game,party supplies
Sack Race Bags Set,party supplies
Birthday Candles,party supplies
LED String Lights,party supplies
Paper Lantern Lights,party supplies
Neon Party Signs,party supplies
Glow in the Dark Party Pack,party supplies
Disco Ball Light,party supplies
Fairy Lights,party supplies
Tea Light Candles,party supplies
Marquee Letter Lights,party supplies
Birthday Sashes,party supplies
Birthday Hats,party supplies
Themed Costumes,party supplies
Party Glasses,party supplies
Birthday Tiaras,party supplies
Funny Party Wigs,party supplies
Birthday Invitation Cards,party supplies
Thank You Cards for Party,party supplies
Envelope Sets for Invitations,party supplies
Party RSVP Cards,party supplies
Popcorn Bags,party supplies
Candy Buffet Containers,party supplies
Ice Cream Cups,party supplies
Cake Sparkler Candles,party supplies
Cupcake Toppers,party supplies
Cake Pop Sticks,party supplies
Party Food Picks,party supplies
Outdoor Party Tents,party supplies
Folding Picnic Tables,party supplies
BBQ Grill Set,party supplies
Coolers for Parties,party supplies
Giant Lawn Games,party supplies
Bubble Machines,party supplies
Portable Speaker for Music,party supplies
Princess Party Set,party supplies
Superhero Party Decorations,party supplies
Unicorn Birthday Set,party supplies
Dinosaur Party Supplies,party supplies
Space Themed Birthday Set,party supplies
Sports Theme Party Kit,party supplies
Party Noise Makers,party supplies
Confetti Cannons,party supplies
Birthday Countdown Calendar,party supplies
Inflatable Photo Booth Frame,party supplies
Birthday Chalkboard Sign,party supplies
Reusable Party Decor,party supplies
Birthday Milestone Poster,party supplies
Whole Milk,supermarket
Cheddar Cheese,supermarket
Yogurt,supermarket
Butter,supermarket
Eggs,supermarket
Orange Juice,supermarket
Apple Juice,supermarket
Bottled Water,supermarket
Soda,supermarket
Coffee,supermarket
Black Tea,supermarket
Green Tea,supermarket
Bananas,supermarket
Apples,supermarket
Oranges,supermarket
Grapes,supermarket
Strawberries,supermarket
Blueberries,supermarket
Lettuce,supermarket
Spinach,supermarket
Carrots,supermarket
Broccoli,supermarket
Tomatoes,supermarket
Cucumbers,supermarket
Potatoes,supermarket
Onions,supermarket
Garlic,supermarket
Chicken Breast,supermarket
Ground Beef,supermarket
Pork Chops,supermarket
Bacon,supermarket
Sausages,supermarket
Salmon,supermarket
Shrimp,supermarket
Tuna,supermarket
Tilapia,supermarket
Bread,supermarket
Bagels,supermarket
Croissants,supermarket
Muffins,supermarket
Donuts,supermarket
White Rice,supermarket
Brown Rice,supermarket
Pasta,supermarket
Spaghetti,supermarket
Macaroni,supermarket
Flour,supermarket
Sugar,supermarket
Salt,supermarket
Black Pepper,supermarket
Olive Oil,supermarket
Vegetable Oil,supermarket
Canned Beans,supermarket
Canned Corn,supermarket
Canned Tomatoes,supermarket
Peanut Butter,supermarket
Jam,supermarket
Honey,supermarket
Ketchup,supermarket
Mustard,supermarket
Mayonnaise,supermarket
Soy Sauce,supermarket
Vinegar,supermarket
Cereal,supermarket
Oatmeal,supermarket
Granola Bars,supermarket
Crackers,supermarket
Chips,supermarket
Popcorn,supermarket
Cookies,supermarket
Chocolate,supermarket
Ice Cream,supermarket
Frozen Pizza,supermarket
Frozen Vegetables,supermarket
Frozen Fruit,supermarket
Frozen Dinners,supermarket
Frozen French Fries,supermarket
Frozen Chicken Nuggets,supermarket
Frozen Fish Sticks,supermarket
Laundry Detergent,supermarket
Dish Soap,supermarket
Paper Towels,supermarket
Toilet Paper,supermarket
Trash Bags,supermarket
Aluminum Foil,supermarket
Plastic Wrap,supermarket
Ziploc Bags,supermarket
Shampoo,supermarket
Conditioner,supermarket
Body Wash,supermarket
Bar Soap,supermarket
Toothpaste,supermarket
Toothbrush,supermarket
Deodorant,supermarket
Razor,supermarket
Shaving Cream,supermarket
Lotion,supermarket
Facial Tissues,supermarket
Hand Sanitizer,supermarket
Baby Diapers,supermarket
Baby Wipes,supermarket
Baby Formula,supermarket
Baby Food,supermarket
Dog Food,supermarket
Cat Food,supermarket
Cat Litter,supermarket
Dog Treats,supermarket
Light Bulbs,supermarket
Batteries,supermarket
Extension Cord,supermarket
Flashlight,supermarket
Nails,supermarket
Screws,supermarket
Hammer,supermarket
Screwdriver,supermarket
Notebook,supermarket
Pens,supermarket
Pencils,supermarket
Printer Paper,supermarket
Envelopes,supermarket
Stamps,supermarket
Greeting Cards,supermarket
Magazines,supermarket
Newspapers,supermarket
Books,supermarket
DVDs,supermarket
Blu-rays,supermarket
Board Games,supermarket
Puzzles,supermarket
Playing Cards,supermarket
Action Figures,supermarket
Dolls,supermarket
Coloring Books,supermarket
Crayons,supermarket
Markers,supermarket
Glue,supermarket
Scissors,supermarket
Tape,supermarket
Ruler,supermarket
Backpack,supermarket
Lunch Box,supermarket
Thermos,supermarket
Umbrella,Supermarketƒ
Sunscreen,supermarket
Bug Spray,supermarket
Charcoal,supermarket
Lighter Fluid,supermarket
Firewood,supermarket
Ice Melt,supermarket
Snow Shovel,supermarket
